--
-- Data for Name: AspNetUsers; Type: TABLE DATA; Schema: public; Owner: openld
--

INSERT INTO public."AspNetUsers" ("Id", "AccessFailedCount", "ConcurrencyStamp", "Email", "EmailConfirmed", "LockoutEnabled", "LockoutEnd", "NormalizedEmail", "NormalizedUserName", "PasswordHash", "PhoneNumber", "PhoneNumberConfirmed", "SecurityStamp", "TwoFactorEnabled", "UserName") VALUES ('44f69679-1d56-46ac-a025-1bbc85faed42', 0, '15135555-c7df-4f50-b840-0756d1758ef3', 'test@test.com', false, true, NULL, 'TEST@TEST.COM', 'TEST@TEST.COM', 'AQAAAAEAACcQAAAAEBcE9y3FaYKL5vbzrsH/OzOGNHzAu2NHhoNqsnU8r3t5uTsvjrb9N2CFpyyau0SSEA==', NULL, false, 'H4KGEA5QAXCHU4EYP6XBWGG7OERPIEQP', false, 'test@test.com');

--
-- Data for Name: FixtureTypes; Type: TABLE DATA; Schema: public; Owner: openld
--

INSERT INTO public."FixtureTypes" ("Id", "Name") VALUES ('05b5b806-884f-41ad-9ff8-932f66d4d824', 'Profile (Conventional)');
INSERT INTO public."FixtureTypes" ("Id", "Name") VALUES ('5b0c2683-5ac9-4bb3-a695-5482120176a8', 'Profile (LED)');
INSERT INTO public."FixtureTypes" ("Id", "Name") VALUES ('2ed39877-bdf4-45df-a9fe-48d12a3054c3', 'Fresnel (Conventional)');
INSERT INTO public."FixtureTypes" ("Id", "Name") VALUES ('83bae662-0375-421f-8e4a-b8fd6d421d87', 'Fresnel (LED)');
INSERT INTO public."FixtureTypes" ("Id", "Name") VALUES ('5d1c85c0-9d0d-4559-a083-f08ef490beda', 'PAR (Conventional)');
INSERT INTO public."FixtureTypes" ("Id", "Name") VALUES ('671a4f06-53ff-4da4-b9ba-ea898a94d7ac', 'PAR (LED)');
INSERT INTO public."FixtureTypes" ("Id", "Name") VALUES ('94e63ef9-573c-4e4b-b2cd-10477d277daf', 'Flood (Conventional)');
INSERT INTO public."FixtureTypes" ("Id", "Name") VALUES ('b0c7dc7b-bf8c-4195-ba37-ccf16dd541ea', 'Flood (LED)');
INSERT INTO public."FixtureTypes" ("Id", "Name") VALUES ('5ff482ab-3ed3-4cd2-b380-a6db936bbf00', 'Intelligent');
INSERT INTO public."FixtureTypes" ("Id", "Name") VALUES ('ee4fbca7-6564-4192-a1b2-e4c45d32789c', 'Strobe');
INSERT INTO public."FixtureTypes" ("Id", "Name") VALUES ('9193519b-21be-4ca9-b99d-7f4929d05e5f', 'Smoke/Haze');
INSERT INTO public."FixtureTypes" ("Id", "Name") VALUES ('a0fe4dc0-1651-45db-9069-dcd8bb7ccc12', 'Other');
INSERT INTO public."FixtureTypes" ("Id", "Name") VALUES ('b98eb6d1-0e19-468d-8808-568185c05879', 'Moving (Beam)');
INSERT INTO public."FixtureTypes" ("Id", "Name") VALUES ('bf10c60c-3452-4b4d-b14d-74d345b5daa1', 'Moving (Spot)');
INSERT INTO public."FixtureTypes" ("Id", "Name") VALUES ('c3b593b7-e9ad-41ea-befd-7df4fe79e44b', 'Moving (Wash)');


--
-- Data for Name: StoredImages; Type: TABLE DATA; Schema: public; Owner: openld
--

INSERT INTO public."StoredImages" ("Id", "Path", "Hash") VALUES ('166cfe0c-20e6-4196-8b9a-caa1225599ef', '/openld-data/fixture-images/yfnmlx2c.mdi', 'Hz7YEHXTfYmnbmAFdM6IGUFkKRtLJIEJpMa2pwzgZpk=');
INSERT INTO public."StoredImages" ("Id", "Path", "Hash") VALUES ('d2f658d4-8345-4ac2-8c89-22c57e22bd47', '/openld-data/fixture-images/uv0i03oa.2e1', '1PkK13If1oZkuQxz20payCyHUSWQuAKEFUz+No2b7dc=');
INSERT INTO public."StoredImages" ("Id", "Path", "Hash") VALUES ('7d403d94-26be-400d-94b3-dfba56c0a3ee', '/openld-data/fixture-images/0zejqxpe.1eo', 'F6Tv2F5B0oRpEaqIB/Xunvp5aDvFKa4GqFJMRqPQ9+A=');
INSERT INTO public."StoredImages" ("Id", "Path", "Hash") VALUES ('154e3be3-a9f9-4af1-b53f-d05062aeed41', '/openld-data/fixture-images/rjv0h0iz.gyl', 'K9/gVXC5AyLA09XL7X45K0VHzBznTd3PjvO0zBvlqiI=');
INSERT INTO public."StoredImages" ("Id", "Path", "Hash") VALUES ('b26215d5-c6cf-455e-8207-f6f80765a546', '/openld-data/fixture-images/riwp11xf.jaj', 'VmmFibpDu6qKpnD1QM8Q8gR7ya5eXFvFxGrn5mZgSLU=');
INSERT INTO public."StoredImages" ("Id", "Path", "Hash") VALUES ('bf18b825-56ac-4357-962d-c85143023fb3', '/openld-data/fixture-images/ddfrrwa4.jun', '9A50bKb0+aMxc2auSCcZe4hucGCpDJTg0Lr9iYrbZRg=');
INSERT INTO public."StoredImages" ("Id", "Path", "Hash") VALUES ('a62caaa6-04cc-49c6-9977-c3691d586226', '/openld-data/fixture-images/g3mannmb.ea3', 'xCObR6w8/bp5egjaB9EVoFbo/E+PW10kaungTCsUfjE=');
INSERT INTO public."StoredImages" ("Id", "Path", "Hash") VALUES ('85fafbab-1833-4111-abb9-89cd3bff8c66', '/openld-data/fixture-images/u3zdjaou.reh', '4KpkPUfwSTdXbfEI3vYKhhDw3hT20kcM4BY8RaMdVAo=');
INSERT INTO public."StoredImages" ("Id", "Path", "Hash") VALUES ('8ace0083-9062-4326-9b6d-86c2592bdee9', '/openld-data/fixture-images/3kaq5ogc.ebs', 'OxGIjGWEdHhgsFWdNzNNZba1l3zyb6788k6xZ4AFeP0=');
INSERT INTO public."StoredImages" ("Id", "Path", "Hash") VALUES ('07103a66-b370-468b-8314-7254c237a1b4', '/openld-data/fixture-images/xathhpaq.lih', 'cr0qoG1Es1IWgvP1eH9fwh2MD+N/IFi0L+PqBUY9yFU=');
INSERT INTO public."StoredImages" ("Id", "Path", "Hash") VALUES ('f7680755-3885-42ea-9ed1-0665a7068382', '/openld-data/fixture-images/lstlxyln.yqg', 'vE1bqI6kHNVee/vRx3UrdZmd01HvBmOq6oIshZF00V8=');
INSERT INTO public."StoredImages" ("Id", "Path", "Hash") VALUES ('09957726-5be8-46ee-9ec0-e9cf6ded28eb', '/openld-data/fixture-images/2unhu2ai.knk', '5ZvgpXfzTegdp5/4SeMMK6lPJHVKUBxccMfdBAw9iNY=');
INSERT INTO public."StoredImages" ("Id", "Path", "Hash") VALUES ('2181bef5-1fc9-4973-a5f2-d0a8de97a6bf', '/openld-data/fixture-images/ukh5gj4p.azq', 'ulkEE3DZnvZHBrWvJY2hS61PPjQwcDBiktJR+JEJEoo=');
INSERT INTO public."StoredImages" ("Id", "Path", "Hash") VALUES ('d32e30e3-022c-4aaf-a5b0-d53ffe03d5db', '/openld-data/fixture-images/cgighigi.jks', 'oImmMY6mVEKgyn0VG5+qRlGodtuWlJWVnip1lOrxAuY=');
INSERT INTO public."StoredImages" ("Id", "Path", "Hash") VALUES ('23ac71f3-1435-47a1-8797-553ec74d6c1f', '/openld-data/fixture-images/3uhp4cdz.wtx', 'Eg0tP/fd94iTx/nJdOqXt1udX5lrPnq9xvd3FRYSjv4=');


--
-- Data for Name: Fixtures; Type: TABLE DATA; Schema: public; Owner: openld
--

INSERT INTO public."Fixtures" ("Id", "Name", "Manufacturer", "TypeId", "Power", "Weight", "Symbol", "ReleaseDate", "ImageId") VALUES ('79e99993-b37b-4877-9d61-d9f80ee322cf', 'SL 15/32', 'Strand', '05b5b806-884f-41ad-9ff8-932f66d4d824', 600, 7, '<svg xmlns="http://www.w3.org/2000/svg" viewBox="0 0 27 27"><defs/><g fill="none" stroke="#000" stroke-width="3"><circle cx="150.1" cy="952.4" r="50" transform="matrix(.26436 0 0 .26458 -26 -238)"/><path d="M115 987l70-70M115 917l70 70" transform="matrix(.26436 0 0 .26458 -26 -238)"/></g></svg>', '2019-12-12 20:03:01.632', '166cfe0c-20e6-4196-8b9a-caa1225599ef');
INSERT INTO public."Fixtures" ("Id", "Name", "Manufacturer", "TypeId", "Power", "Weight", "Symbol", "ReleaseDate", "ImageId") VALUES ('dd004aa1-dc24-47fe-9f55-c06f07884803', 'SL 23/50', 'Strand', '05b5b806-884f-41ad-9ff8-932f66d4d824', 600, 7, '<svg xmlns="http://www.w3.org/2000/svg" viewBox="0 0 27 27"><defs/><g fill="none" stroke="#000" stroke-width="3"><circle cx="150.1" cy="952.4" r="50" transform="matrix(.26436 0 0 .26458 -26 -238)"/><path d="M115 987l70-70M115 917l70 70" transform="matrix(.26436 0 0 .26458 -26 -238)"/></g></svg>', '2019-12-12 20:06:07.288', '166cfe0c-20e6-4196-8b9a-caa1225599ef');
INSERT INTO public."Fixtures" ("Id", "Name", "Manufacturer", "TypeId", "Power", "Weight", "Symbol", "ReleaseDate", "ImageId") VALUES ('97409f26-221a-45b4-87d2-df121ad8af2f', 'Shakespeare Zoom 15-35°', 'Altman', '05b5b806-884f-41ad-9ff8-932f66d4d824', 600, 9.89999962, '<svg xmlns="http://www.w3.org/2000/svg" viewBox="0 0 27 27"><defs/><g fill="none" stroke="#000" stroke-width="3"><circle cx="150.1" cy="952.4" r="50" transform="matrix(.26436 0 0 .26458 -26 -238)"/><path d="M115 987l70-70M115 917l70 70" transform="matrix(.26436 0 0 .26458 -26 -238)"/></g></svg>', '2019-12-12 20:22:54.624', 'd2f658d4-8345-4ac2-8c89-22c57e22bd47');
INSERT INTO public."Fixtures" ("Id", "Name", "Manufacturer", "TypeId", "Power", "Weight", "Symbol", "ReleaseDate", "ImageId") VALUES ('cd629400-12f6-4437-95ee-0711c4abe4d1', 'Acclaim Axial 24-44°', 'Selecon', '05b5b806-884f-41ad-9ff8-932f66d4d824', 600, 5.5999999, '<svg xmlns="http://www.w3.org/2000/svg" viewBox="0 0 27 27"><defs/><g fill="none" stroke="#000" stroke-width="3"><circle cx="150.1" cy="952.4" r="50" transform="matrix(.26436 0 0 .26458 -26 -238)"/><path d="M115 987l70-70M115 917l70 70" transform="matrix(.26436 0 0 .26458 -26 -238)"/></g></svg>', '2019-12-12 20:24:35.561', '7d403d94-26be-400d-94b3-dfba56c0a3ee');
INSERT INTO public."Fixtures" ("Id", "Name", "Manufacturer", "TypeId", "Power", "Weight", "Symbol", "ReleaseDate", "ImageId") VALUES ('b9365b6e-1f71-48d0-b168-3c857154b391', '310HF (J1K)', 'Robert Juliat', '2ed39877-bdf4-45df-a9fe-48d12a3054c3', 1000, 9.19999981, '<svg xmlns="http://www.w3.org/2000/svg" viewBox="0 0 27 27"><defs/><g fill="none" stroke="#000" stroke-width="3"><circle cx="150.1" cy="952.4" r="50" transform="matrix(.26436 0 0 .26458 -26 -238)"/><path d="M115 987l70-70M115 917l70 70" transform="matrix(.26436 0 0 .26458 -26 -238)"/></g></svg>', '2019-12-12 20:26:30.289', '154e3be3-a9f9-4af1-b53f-d05062aeed41');
INSERT INTO public."Fixtures" ("Id", "Name", "Manufacturer", "TypeId", "Power", "Weight", "Symbol", "ReleaseDate", "ImageId") VALUES ('8370ccb2-e7a3-4be9-9df0-a0ff212612e2', '329HPC (J2K)', 'Robert Juliat', '2ed39877-bdf4-45df-a9fe-48d12a3054c3', 2000, 16, '<svg xmlns="http://www.w3.org/2000/svg" viewBox="0 0 27 27"><defs/><g fill="none" stroke="#000" stroke-width="3"><circle cx="150.1" cy="952.4" r="50" transform="matrix(.26436 0 0 .26458 -26 -238)"/><path d="M115 987l70-70M115 917l70 70" transform="matrix(.26436 0 0 .26458 -26 -238)"/></g></svg>', '2019-12-12 20:27:51.507', 'b26215d5-c6cf-455e-8207-f6f80765a546');
INSERT INTO public."Fixtures" ("Id", "Name", "Manufacturer", "TypeId", "Power", "Weight", "Symbol", "ReleaseDate", "ImageId") VALUES ('9efe102a-1912-4189-8e7b-3b62a3070714', 'PAR 64', 'Generic', '5d1c85c0-9d0d-4559-a083-f08ef490beda', 1000, 1, '<svg xmlns="http://www.w3.org/2000/svg" viewBox="0 0 27 27"><defs/><g fill="none" stroke="#000" stroke-width="3"><circle cx="150.1" cy="952.4" r="50" transform="matrix(.26436 0 0 .26458 -26 -238)"/><path d="M115 987l70-70M115 917l70 70" transform="matrix(.26436 0 0 .26458 -26 -238)"/></g></svg>', '2019-12-12 20:29:55.195', 'bf18b825-56ac-4357-962d-c85143023fb3');
INSERT INTO public."Fixtures" ("Id", "Name", "Manufacturer", "TypeId", "Power", "Weight", "Symbol", "ReleaseDate", "ImageId") VALUES ('5aeea7ef-df86-41b1-a411-4f7cf2f2b4b7', 'LUMIPAR (12HPRO)', 'ProLights', '671a4f06-53ff-4da4-b9ba-ea898a94d7ac', 96, 4.5, '<svg xmlns="http://www.w3.org/2000/svg" viewBox="0 0 27 27"><defs/><g fill="none" stroke="#000" stroke-width="3"><circle cx="150.1" cy="952.4" r="50" transform="matrix(.26436 0 0 .26458 -26 -238)"/><path d="M115 987l70-70M115 917l70 70" transform="matrix(.26436 0 0 .26458 -26 -238)"/></g></svg>', '2019-12-12 20:34:27.075', 'a62caaa6-04cc-49c6-9977-c3691d586226');
INSERT INTO public."Fixtures" ("Id", "Name", "Manufacturer", "TypeId", "Power", "Weight", "Symbol", "ReleaseDate", "ImageId") VALUES ('e61583db-2a4e-40b4-8de9-4a988ad3487b', 'STUDIOCOB FC', 'ProLights', '671a4f06-53ff-4da4-b9ba-ea898a94d7ac', 150, 4.5, '<svg xmlns="http://www.w3.org/2000/svg" viewBox="0 0 27 27"><defs/><g fill="none" stroke="#000" stroke-width="3"><circle cx="150.1" cy="952.4" r="50" transform="matrix(.26436 0 0 .26458 -26 -238)"/><path d="M115 987l70-70M115 917l70 70" transform="matrix(.26436 0 0 .26458 -26 -238)"/></g></svg>', '2019-12-12 20:39:05.966', '85fafbab-1833-4111-abb9-89cd3bff8c66');
INSERT INTO public."Fixtures" ("Id", "Name", "Manufacturer", "TypeId", "Power", "Weight", "Symbol", "ReleaseDate", "ImageId") VALUES ('e7b90237-37f7-4092-b41e-08ebda8efd9e', 'DF-50 Diffusion Hazer', 'Reel EFX', '9193519b-21be-4ca9-b99d-7f4929d05e5f', 400, 16, '<svg xmlns="http://www.w3.org/2000/svg" viewBox="0 0 27 27"><defs/><g fill="none" stroke="#000" stroke-width="3"><circle cx="150.1" cy="952.4" r="50" transform="matrix(.26436 0 0 .26458 -26 -238)"/><path d="M115 987l70-70M115 917l70 70" transform="matrix(.26436 0 0 .26458 -26 -238)"/></g></svg>', '2019-12-12 20:46:42.993', '09957726-5be8-46ee-9ec0-e9cf6ded28eb');
INSERT INTO public."Fixtures" ("Id", "Name", "Manufacturer", "TypeId", "Power", "Weight", "Symbol", "ReleaseDate", "ImageId") VALUES ('fa02dd06-a2a1-4be9-9cc1-4f980d9be9e5', 'RGB Power Batten', 'EQUINOX', '5ff482ab-3ed3-4cd2-b380-a6db936bbf00', 30, 1.79999995, '<svg xmlns="http://www.w3.org/2000/svg" viewBox="0 0 27 27"><defs/><g fill="none" stroke="#000" stroke-width="3"><circle cx="150.1" cy="952.4" r="50" transform="matrix(.26436 0 0 .26458 -26 -238)"/><path d="M115 987l70-70M115 917l70 70" transform="matrix(.26436 0 0 .26458 -26 -238)"/></g></svg>', '2019-12-13 12:11:04.87', 'd32e30e3-022c-4aaf-a5b0-d53ffe03d5db');
INSERT INTO public."Fixtures" ("Id", "Name", "Manufacturer", "TypeId", "Power", "Weight", "Symbol", "ReleaseDate", "ImageId") VALUES ('94737e05-2449-489d-a0a3-3b6781d3f03d', 'REFLEX', 'ProLights', 'c3b593b7-e9ad-41ea-befd-7df4fe79e44b', 245, 9.19999981, '<svg xmlns="http://www.w3.org/2000/svg" viewBox="0 0 27 27"><defs/><g fill="none" stroke="#000" stroke-width="3"><circle cx="150.1" cy="952.4" r="50" transform="matrix(.26436 0 0 .26458 -26 -238)"/><path d="M115 987l70-70M115 917l70 70" transform="matrix(.26436 0 0 .26458 -26 -238)"/></g></svg>', '2019-12-12 20:41:04.525', '8ace0083-9062-4326-9b6d-86c2592bdee9');
INSERT INTO public."Fixtures" ("Id", "Name", "Manufacturer", "TypeId", "Power", "Weight", "Symbol", "ReleaseDate", "ImageId") VALUES ('bc8ca6ca-6ff3-4058-a71e-5bb7a5a75547', 'MMX Spot', 'Robe', 'bf10c60c-3452-4b4d-b14d-74d345b5daa1', 1020, 25.5, '<svg xmlns="http://www.w3.org/2000/svg" viewBox="0 0 27 27"><defs/><g fill="none" stroke="#000" stroke-width="3"><circle cx="150.1" cy="952.4" r="50" transform="matrix(.26436 0 0 .26458 -26 -238)"/><path d="M115 987l70-70M115 917l70 70" transform="matrix(.26436 0 0 .26458 -26 -238)"/></g></svg>', '2019-12-12 20:45:25.192', 'f7680755-3885-42ea-9ed1-0665a7068382');
INSERT INTO public."Fixtures" ("Id", "Name", "Manufacturer", "TypeId", "Power", "Weight", "Symbol", "ReleaseDate", "ImageId") VALUES ('22d0ebb8-6082-49c4-b286-e8e057db0d10', 'Ghibli', 'Ayrton', 'bf10c60c-3452-4b4d-b14d-74d345b5daa1', 800, 35.5999985, '<svg xmlns="http://www.w3.org/2000/svg" viewBox="0 0 27 27"><defs/><g fill="none" stroke="#000" stroke-width="3"><circle cx="150.1" cy="952.4" r="50" transform="matrix(.26436 0 0 .26458 -26 -238)"/><path d="M115 987l70-70M115 917l70 70" transform="matrix(.26436 0 0 .26458 -26 -238)"/></g></svg>', '2019-12-13 11:09:31.153', '2181bef5-1fc9-4973-a5f2-d0a8de97a6bf');
INSERT INTO public."Fixtures" ("Id", "Name", "Manufacturer", "TypeId", "Power", "Weight", "Symbol", "ReleaseDate", "ImageId") VALUES ('e748832b-eab3-4915-be84-88f8d05ecb42', 'LEDWash 800', 'Robe', 'c3b593b7-e9ad-41ea-befd-7df4fe79e44b', 430, 10.8999996, '<svg xmlns="http://www.w3.org/2000/svg" viewBox="0 0 27 27"><defs/><g fill="none" stroke="#000" stroke-width="3"><circle cx="150.1" cy="952.4" r="50" transform="matrix(.26436 0 0 .26458 -26 -238)"/><path d="M115 987l70-70M115 917l70 70" transform="matrix(.26436 0 0 .26458 -26 -238)"/></g></svg>', '2019-12-12 20:42:45.035', '07103a66-b370-468b-8314-7254c237a1b4');

--
-- Data for Name: PersistedGrants; Type: TABLE DATA; Schema: public; Owner: openld
--

INSERT INTO public."PersistedGrants" ("Key", "Type", "SubjectId", "ClientId", "CreationTime", "Expiration", "Data") VALUES ('adlf65NOqAvG1rMwBQYUscd0Gx2izY6QtzpAWTuIS2g=', 'authorization_code', '44f69679-1d56-46ac-a025-1bbc85faed42', 'client', '2019-12-12 16:46:30', '2019-12-12 16:51:30', '{"CreationTime":"2019-12-12T16:46:30Z","Lifetime":300,"ClientId":"client","Subject":{"AuthenticationType":"Identity.Application","Claims":[{"Type":"sub","Value":"44f69679-1d56-46ac-a025-1bbc85faed42","ValueType":"http://www.w3.org/2001/XMLSchema#string"},{"Type":"AspNet.Identity.SecurityStamp","Value":"H4KGEA5QAXCHU4EYP6XBWGG7OERPIEQP","ValueType":"http://www.w3.org/2001/XMLSchema#string"},{"Type":"preferred_username","Value":"test@test.com","ValueType":"http://www.w3.org/2001/XMLSchema#string"},{"Type":"name","Value":"test@test.com","ValueType":"http://www.w3.org/2001/XMLSchema#string"},{"Type":"email","Value":"test@test.com","ValueType":"http://www.w3.org/2001/XMLSchema#string"},{"Type":"email_verified","Value":"false","ValueType":"http://www.w3.org/2001/XMLSchema#boolean"},{"Type":"idp","Value":"local","ValueType":"http://www.w3.org/2001/XMLSchema#string"},{"Type":"amr","Value":"pwd","ValueType":"http://www.w3.org/2001/XMLSchema#string"},{"Type":"auth_time","Value":"1576165641","ValueType":"http://www.w3.org/2001/XMLSchema#integer64"}]},"IsOpenId":true,"RequestedScopes":["openid","profile","openldAPI"],"RedirectUri":"https://0.0.0.0:5000/authentication/login-callback","Nonce":null,"StateHash":"66Ddf4fbugbT87j4R2kZow","WasConsentShown":false,"SessionId":"beZaQcrrjnXHZzb6LKXKMw","CodeChallenge":"eD5/10vafjGthnPho8e6GchDyT6kraoW5aaSl7YlpWw=","CodeChallengeMethod":"S256","Properties":{}}');
INSERT INTO public."PersistedGrants" ("Key", "Type", "SubjectId", "ClientId", "CreationTime", "Expiration", "Data") VALUES ('F1Gn+VU5gND8NlTuMkF6hbcElv7Q1EF8pNeoizYVN3U=', 'authorization_code', '44f69679-1d56-46ac-a025-1bbc85faed42', 'client', '2019-12-12 16:46:31', '2019-12-12 16:51:31', '{"CreationTime":"2019-12-12T16:46:31Z","Lifetime":300,"ClientId":"client","Subject":{"AuthenticationType":"Identity.Application","Claims":[{"Type":"sub","Value":"44f69679-1d56-46ac-a025-1bbc85faed42","ValueType":"http://www.w3.org/2001/XMLSchema#string"},{"Type":"AspNet.Identity.SecurityStamp","Value":"H4KGEA5QAXCHU4EYP6XBWGG7OERPIEQP","ValueType":"http://www.w3.org/2001/XMLSchema#string"},{"Type":"preferred_username","Value":"test@test.com","ValueType":"http://www.w3.org/2001/XMLSchema#string"},{"Type":"name","Value":"test@test.com","ValueType":"http://www.w3.org/2001/XMLSchema#string"},{"Type":"email","Value":"test@test.com","ValueType":"http://www.w3.org/2001/XMLSchema#string"},{"Type":"email_verified","Value":"false","ValueType":"http://www.w3.org/2001/XMLSchema#boolean"},{"Type":"idp","Value":"local","ValueType":"http://www.w3.org/2001/XMLSchema#string"},{"Type":"amr","Value":"pwd","ValueType":"http://www.w3.org/2001/XMLSchema#string"},{"Type":"auth_time","Value":"1576165641","ValueType":"http://www.w3.org/2001/XMLSchema#integer64"}]},"IsOpenId":true,"RequestedScopes":["openid","profile","openldAPI"],"RedirectUri":"https://0.0.0.0:5000/authentication/login-callback","Nonce":null,"StateHash":"rRsF_NOg1g3LZi_O1XNc3Q","WasConsentShown":false,"SessionId":"beZaQcrrjnXHZzb6LKXKMw","CodeChallenge":"ifASbDgOsf6e9El+4YvV3VsgFUCXkuXyus3Jq8o1rqs=","CodeChallengeMethod":"S256","Properties":{}}');

--
-- Name: AspNetRoleClaims_Id_seq; Type: SEQUENCE SET; Schema: public; Owner: openld
--

SELECT pg_catalog.setval('public."AspNetRoleClaims_Id_seq"', 1, false);


--
-- Name: AspNetUserClaims_Id_seq; Type: SEQUENCE SET; Schema: public; Owner: openld
--

SELECT pg_catalog.setval('public."AspNetUserClaims_Id_seq"', 1, false);