--
-- PostgreSQL database dump
--

-- Dumped from database version 12.1 (Debian 12.1-1.pgdg100+1)
-- Dumped by pg_dump version 12.1 (Debian 12.1-1.pgdg100+1)


--
-- Data for Name: FixtureTypes; Type: TABLE DATA; Schema: public; Owner: openld
--

INSERT INTO public."FixtureTypes" ("Id", "Name") VALUES ('05b5b806-884f-41ad-9ff8-932f66d4d824', 'Profile (Conventional)');
INSERT INTO public."FixtureTypes" ("Id", "Name") VALUES ('5b0c2683-5ac9-4bb3-a695-5482120176a8', 'Profile (LED)');
INSERT INTO public."FixtureTypes" ("Id", "Name") VALUES ('2ed39877-bdf4-45df-a9fe-48d12a3054c3', 'Fresnel (Conventional)');
INSERT INTO public."FixtureTypes" ("Id", "Name") VALUES ('83bae662-0375-421f-8e4a-b8fd6d421d87', 'Fresnel (LED)');
INSERT INTO public."FixtureTypes" ("Id", "Name") VALUES ('5d1c85c0-9d0d-4559-a083-f08ef490beda', 'PAR (Conventional)');
INSERT INTO public."FixtureTypes" ("Id", "Name") VALUES ('671a4f06-53ff-4da4-b9ba-ea898a94d7ac', 'PAR (LED)');
INSERT INTO public."FixtureTypes" ("Id", "Name") VALUES ('94e63ef9-573c-4e4b-b2cd-10477d277daf', 'Flood (Conventional)');
INSERT INTO public."FixtureTypes" ("Id", "Name") VALUES ('b0c7dc7b-bf8c-4195-ba37-ccf16dd541ea', 'Flood (LED)');
INSERT INTO public."FixtureTypes" ("Id", "Name") VALUES ('5ff482ab-3ed3-4cd2-b380-a6db936bbf00', 'Intelligent');
INSERT INTO public."FixtureTypes" ("Id", "Name") VALUES ('ee4fbca7-6564-4192-a1b2-e4c45d32789c', 'Strobe');
INSERT INTO public."FixtureTypes" ("Id", "Name") VALUES ('9193519b-21be-4ca9-b99d-7f4929d05e5f', 'Smoke/Haze');
INSERT INTO public."FixtureTypes" ("Id", "Name") VALUES ('a0fe4dc0-1651-45db-9069-dcd8bb7ccc12', 'Other');
INSERT INTO public."FixtureTypes" ("Id", "Name") VALUES ('b98eb6d1-0e19-468d-8808-568185c05879', 'Moving (Beam)');
INSERT INTO public."FixtureTypes" ("Id", "Name") VALUES ('bf10c60c-3452-4b4d-b14d-74d345b5daa1', 'Moving (Spot)');
INSERT INTO public."FixtureTypes" ("Id", "Name") VALUES ('c3b593b7-e9ad-41ea-befd-7df4fe79e44b', 'Moving (Wash)');


--
-- Data for Name: StoredImages; Type: TABLE DATA; Schema: public; Owner: openld
--

INSERT INTO public."StoredImages" ("Id", "Hash", "Path") VALUES ('166cfe0c-20e6-4196-8b9a-caa1225599ef', 'Hz7YEHXTfYmnbmAFdM6IGUFkKRtLJIEJpMa2pwzgZpk=', '/openld-data/fixture-images/yfnmlx2c.mdi');
INSERT INTO public."StoredImages" ("Id", "Hash", "Path") VALUES ('d2f658d4-8345-4ac2-8c89-22c57e22bd47', '1PkK13If1oZkuQxz20payCyHUSWQuAKEFUz+No2b7dc=', '/openld-data/fixture-images/uv0i03oa.2e1');
INSERT INTO public."StoredImages" ("Id", "Hash", "Path") VALUES ('7d403d94-26be-400d-94b3-dfba56c0a3ee', 'F6Tv2F5B0oRpEaqIB/Xunvp5aDvFKa4GqFJMRqPQ9+A=', '/openld-data/fixture-images/0zejqxpe.1eo');
INSERT INTO public."StoredImages" ("Id", "Hash", "Path") VALUES ('154e3be3-a9f9-4af1-b53f-d05062aeed41', 'K9/gVXC5AyLA09XL7X45K0VHzBznTd3PjvO0zBvlqiI=', '/openld-data/fixture-images/rjv0h0iz.gyl');
INSERT INTO public."StoredImages" ("Id", "Hash", "Path") VALUES ('b26215d5-c6cf-455e-8207-f6f80765a546', 'VmmFibpDu6qKpnD1QM8Q8gR7ya5eXFvFxGrn5mZgSLU=', '/openld-data/fixture-images/riwp11xf.jaj');
INSERT INTO public."StoredImages" ("Id", "Hash", "Path") VALUES ('bf18b825-56ac-4357-962d-c85143023fb3', '9A50bKb0+aMxc2auSCcZe4hucGCpDJTg0Lr9iYrbZRg=', '/openld-data/fixture-images/ddfrrwa4.jun');
INSERT INTO public."StoredImages" ("Id", "Hash", "Path") VALUES ('a62caaa6-04cc-49c6-9977-c3691d586226', 'xCObR6w8/bp5egjaB9EVoFbo/E+PW10kaungTCsUfjE=', '/openld-data/fixture-images/g3mannmb.ea3');
INSERT INTO public."StoredImages" ("Id", "Hash", "Path") VALUES ('85fafbab-1833-4111-abb9-89cd3bff8c66', '4KpkPUfwSTdXbfEI3vYKhhDw3hT20kcM4BY8RaMdVAo=', '/openld-data/fixture-images/u3zdjaou.reh');
INSERT INTO public."StoredImages" ("Id", "Hash", "Path") VALUES ('8ace0083-9062-4326-9b6d-86c2592bdee9', 'OxGIjGWEdHhgsFWdNzNNZba1l3zyb6788k6xZ4AFeP0=', '/openld-data/fixture-images/3kaq5ogc.ebs');
INSERT INTO public."StoredImages" ("Id", "Hash", "Path") VALUES ('07103a66-b370-468b-8314-7254c237a1b4', 'cr0qoG1Es1IWgvP1eH9fwh2MD+N/IFi0L+PqBUY9yFU=', '/openld-data/fixture-images/xathhpaq.lih');
INSERT INTO public."StoredImages" ("Id", "Hash", "Path") VALUES ('f7680755-3885-42ea-9ed1-0665a7068382', 'vE1bqI6kHNVee/vRx3UrdZmd01HvBmOq6oIshZF00V8=', '/openld-data/fixture-images/lstlxyln.yqg');
INSERT INTO public."StoredImages" ("Id", "Hash", "Path") VALUES ('09957726-5be8-46ee-9ec0-e9cf6ded28eb', '5ZvgpXfzTegdp5/4SeMMK6lPJHVKUBxccMfdBAw9iNY=', '/openld-data/fixture-images/2unhu2ai.knk');
INSERT INTO public."StoredImages" ("Id", "Hash", "Path") VALUES ('2181bef5-1fc9-4973-a5f2-d0a8de97a6bf', 'ulkEE3DZnvZHBrWvJY2hS61PPjQwcDBiktJR+JEJEoo=', '/openld-data/fixture-images/ukh5gj4p.azq');
INSERT INTO public."StoredImages" ("Id", "Hash", "Path") VALUES ('d32e30e3-022c-4aaf-a5b0-d53ffe03d5db', 'oImmMY6mVEKgyn0VG5+qRlGodtuWlJWVnip1lOrxAuY=', '/openld-data/fixture-images/cgighigi.jks');
INSERT INTO public."StoredImages" ("Id", "Hash", "Path") VALUES ('ae0abe90-364c-48b8-9520-97e44bbb5c44', 'tBf5G9VXBi3WY61KWWZ+QaLnrhoj9eDs91SkPbln3TE=', '/openld-data/fixture-images/wpoarhn3.png');
INSERT INTO public."StoredImages" ("Id", "Hash", "Path") VALUES ('03e4a5db-4db8-4e9c-aa99-95af65c9b93c', 'pS9H5Qbpz9Obpew5Yjyik6JtDZPXyknUyEp5Dl2lsf0=', '/openld-data/fixture-symbol-bitmaps/oqpxiyjz.rq4');
INSERT INTO public."StoredImages" ("Id", "Hash", "Path") VALUES ('3570c9d1-3650-4e69-bdf4-06244e431049', '8N/e0G00y1MI9LLYCSZRIfdI3qjVapGFWYzKSATKTWY=', '/openld-data/fixture-symbol-bitmaps/al2i4cwa.tcj');
INSERT INTO public."StoredImages" ("Id", "Hash", "Path") VALUES ('af499756-a81f-406f-b941-d73fce153647', 'N5IYQArD/Q8mKMexxweowXl4fYOb9cJ7mOr3j7dNUB4=', '/openld-data/fixture-symbol-bitmaps/2wva1wzr.g3y');
INSERT INTO public."StoredImages" ("Id", "Hash", "Path") VALUES ('87b473cd-d696-4e17-b9d6-069a747a21fd', 'RvkpeFj6bWWos74iz9Qlalm5XjLfwcqlSD28JTjEbBs=', '/openld-data/fixture-symbol-bitmaps/wddqp1es.n0b');
INSERT INTO public."StoredImages" ("Id", "Hash", "Path") VALUES ('7e5965ec-a775-45b9-acba-12ac1e2e02ab', 'Ysv3G8JhhpYu/THMkeya6kTszRkoq5sED+DKYSAegQE=', '/openld-data/fixture-symbol-bitmaps/rnswfh1d.kq3');
INSERT INTO public."StoredImages" ("Id", "Hash", "Path") VALUES ('4a2c7af3-465d-44a0-94ce-b82520f7d0c3', 'm+cEE/+PrPmHZuXQr7q1bEDR9l4lH4FMC8hmR0Fn/cg=', '/openld-data/fixture-symbol-bitmaps/qjdllgup.xb1');
INSERT INTO public."StoredImages" ("Id", "Hash", "Path") VALUES ('4e0ee58b-11c5-4f56-bb60-725483378390', 'yeLdENNQjkQdS+Toi7Z7o3viUfe0hua+V+aXoBmTesQ=', '/openld-data/fixture-symbol-bitmaps/4qrmhsmy.ovb');
INSERT INTO public."StoredImages" ("Id", "Hash", "Path") VALUES ('4e909ee7-7bfc-441d-b370-6e881a2fb08c', 'dxZdQC53JPe0erAAheEdCXSMnlO2YIFDbqIElq0rbjg=', '/openld-data/fixture-symbol-bitmaps/gsqgtsab.kou');
INSERT INTO public."StoredImages" ("Id", "Hash", "Path") VALUES ('c0084c78-a455-4735-b764-13db104deda4', 'FkVJRCxAaVq6I4KmPu3w9/LCp7ZiU0xEpiBNBjUtB3A=', '/openld-data/fixture-symbol-bitmaps/2t5c1ptj.q2o');
INSERT INTO public."StoredImages" ("Id", "Hash", "Path") VALUES ('d235feff-356a-4afe-a653-f5635e923d5f', 'hce4D9k+elY5g6HvN7eZOq79c63m4FUwz8z7PJv4m5Y=', '/openld-data/fixture-symbol-bitmaps/b13c0j5v.x3s');
INSERT INTO public."StoredImages" ("Id", "Hash", "Path") VALUES ('c6d7bd11-5d1c-4237-b53d-5b632a8ca64c', 'tkeL2B//bPtGvECB8eMg7G0JujKQp7bBlC0WyqT7ULA=', '/openld-data/fixture-symbol-bitmaps/akimyxt2.yab');
INSERT INTO public."StoredImages" ("Id", "Hash", "Path") VALUES ('1d34a57c-a6ed-4780-9aa1-ededd55fda1d', '3fKm4why3ajvuiBBb7cOknNAs5EnNan5H7KGCaRTgqA=', '/openld-data/fixture-symbol-bitmaps/4r4hhxxw.kee');
INSERT INTO public."StoredImages" ("Id", "Hash", "Path") VALUES ('8153b470-1207-447a-8ff6-d2d34b092526', 'q7rniPmE5KCBcL0+Ac5hMiqscyKhQkrEMw6WOPKO7qw=', '/openld-data/fixture-symbol-bitmaps/mqjb2jlo.4dd');
INSERT INTO public."StoredImages" ("Id", "Hash", "Path") VALUES ('c3b63a6e-9d68-4abf-9106-f3ca88534a51', '6wYkvYm9FAp6k/9BR0D5Boh76IK43cpGBPty5fFNsrA=', '/openld-data/fixture-symbol-bitmaps/l3f4a1ix.e0t');
INSERT INTO public."StoredImages" ("Id", "Hash", "Path") VALUES ('68a0253b-94a8-456a-a8bb-69732657876a', 'isLb8Z0RFVWFbpTJr5PXlXkbUciOcyY+JdSa12L2LSE=', '/openld-data/fixture-symbol-bitmaps/dxuscapp.qjc');
INSERT INTO public."StoredImages" ("Id", "Hash", "Path") VALUES ('677cd50e-9e4e-4894-a7fb-fb744b9c2e51', '/yxZ47Op5RHAkjG9D/woQQLDLmFtFIuf5cZ0VmzrYKQ=', '/openld-data/fixture-symbol-bitmaps/qnl4e2vi.ebz');


--
-- Data for Name: Symbols; Type: TABLE DATA; Schema: public; Owner: openld
--

INSERT INTO public."Symbols" ("Id", "Hash", "Path", "BitmapId") VALUES ('27f6d3c1-708a-4c3f-9699-bdb2a282416d', 'dNucbn7Dl3jFvyLvowgSKedCaeOXTqz3cG4SSiEaWhw=', '/openld-data/fixture-symbols/jvvs1vnx.gw0', '03e4a5db-4db8-4e9c-aa99-95af65c9b93c');
INSERT INTO public."Symbols" ("Id", "Hash", "Path", "BitmapId") VALUES ('da8e6904-4e68-4c43-9b29-f4a8ddefa4e7', 'OeGPLKsEFQR1y6y2YEXJmjoBx+LldPNRj6tixT66at0=', '/openld-data/fixture-symbols/pe0vnlrs.32p', '3570c9d1-3650-4e69-bdf4-06244e431049');
INSERT INTO public."Symbols" ("Id", "Hash", "Path", "BitmapId") VALUES ('1b33c23a-2b11-470e-8561-4b80985b1e38', 'XWOEXUWcNyCVCjt3I/pwaqMubawCHX3Buj/nB/Ytn3E=', '/openld-data/fixture-symbols/ahk1ttag.43p', 'af499756-a81f-406f-b941-d73fce153647');
INSERT INTO public."Symbols" ("Id", "Hash", "Path", "BitmapId") VALUES ('6d2f5ffd-1d28-40ef-a694-9f6402162eec', 'b39/Ihq0c2rELi5PX2/cfkxLHH1UW9ntvscn8F3PEDs=', '/openld-data/fixture-symbols/fgkwat43.pyt', '87b473cd-d696-4e17-b9d6-069a747a21fd');
INSERT INTO public."Symbols" ("Id", "Hash", "Path", "BitmapId") VALUES ('7c24af69-7630-4008-a36d-9c17d03b352a', 'XHAVCiTjs1NjwTtAEDG1ukqeDRISrdjwDPIGENP+JO4=', '/openld-data/fixture-symbols/trukqb3u.x5x', '7e5965ec-a775-45b9-acba-12ac1e2e02ab');
INSERT INTO public."Symbols" ("Id", "Hash", "Path", "BitmapId") VALUES ('dabd20e9-cf3a-4411-85a6-91d7a4f4dfc2', 'fSCJIGAk2dO/L5JUXpqGiZ5W9cuz0/+aL1GMswd0NiA=', '/openld-data/fixture-symbols/vqtppsvb.jor', '4a2c7af3-465d-44a0-94ce-b82520f7d0c3');
INSERT INTO public."Symbols" ("Id", "Hash", "Path", "BitmapId") VALUES ('cbd19707-55f5-447d-8bd5-c18990515538', '6p1iLPKVr2diT7ElInxxeCEGNMG96vIhM/8Cz1LwEuc=', '/openld-data/fixture-symbols/iizvi3rq.1gk', '4e0ee58b-11c5-4f56-bb60-725483378390');
INSERT INTO public."Symbols" ("Id", "Hash", "Path", "BitmapId") VALUES ('3e1af05a-d6ca-4a46-856e-718df41799ab', 'XVjiifMEvtxt9x6KQhbN1feiI2JAlol/eFny8JCno/k=', '/openld-data/fixture-symbols/4bhr4nkb.aij', '4e909ee7-7bfc-441d-b370-6e881a2fb08c');
INSERT INTO public."Symbols" ("Id", "Hash", "Path", "BitmapId") VALUES ('2a7c4b5b-e667-476f-b08c-be78e57adcb4', '7IrG0+AYmfXjn4CinJe2RdvXEm8jksJApgkO6tJMGZQ=', '/openld-data/fixture-symbols/sicqdply.jwi', 'c0084c78-a455-4735-b764-13db104deda4');
INSERT INTO public."Symbols" ("Id", "Hash", "Path", "BitmapId") VALUES ('5111ea12-04f1-4a7c-8e42-29e5c78844e1', 'T5sR5nnv9xAYJHf6kQIawQTcXHYn5VuQFP0BF1AqRFA=', '/openld-data/fixture-symbols/2v0oen1e.bxy', 'd235feff-356a-4afe-a653-f5635e923d5f');
INSERT INTO public."Symbols" ("Id", "Hash", "Path", "BitmapId") VALUES ('21b983fa-9acf-4d94-b18e-1fe977d90ee1', 'YsfX6c4K4GqLAhCS+jGSCZCWAWdotQpeM6FD9SsQWUQ=', '/openld-data/fixture-symbols/wtrlzt2k.ffm', 'c6d7bd11-5d1c-4237-b53d-5b632a8ca64c');
INSERT INTO public."Symbols" ("Id", "Hash", "Path", "BitmapId") VALUES ('b6abef11-d07d-4449-bc50-1eb5c3f5231d', 'e+TOzw7Q8X3zFH3y0c5+Ppj5mebakxBtzBeBUEs6ezQ=', '/openld-data/fixture-symbols/kueigvsh.4n5', '1d34a57c-a6ed-4780-9aa1-ededd55fda1d');
INSERT INTO public."Symbols" ("Id", "Hash", "Path", "BitmapId") VALUES ('0b9a3ff2-ae90-46af-a870-11c527f46199', '/QLScvPYl3H042OfJk2XuOeYQgJ8nujYoZeOzRZato4=', '/openld-data/fixture-symbols/f02bdzrg.sla', '8153b470-1207-447a-8ff6-d2d34b092526');
INSERT INTO public."Symbols" ("Id", "Hash", "Path", "BitmapId") VALUES ('66b1d027-99ff-4502-b716-0398e4e71fc3', 'w3YrR6yWLpIdaaBJHFjjVZMpV4ZOsNWBQbKY/nQb2/0=', '/openld-data/fixture-symbols/anht4jjr.ztr', 'c3b63a6e-9d68-4abf-9106-f3ca88534a51');
INSERT INTO public."Symbols" ("Id", "Hash", "Path", "BitmapId") VALUES ('14ede821-f10e-4bde-b2a4-785fe8edd2e8', 'wjxvPfiUhkY/ie+6b4b8d3TTHrJfRlPnqQ/RD9R5MLk=', '/openld-data/fixture-symbols/o1txqq3l.3bt', '68a0253b-94a8-456a-a8bb-69732657876a');
INSERT INTO public."Symbols" ("Id", "Hash", "Path", "BitmapId") VALUES ('24cbbbc2-779f-4b44-9833-107170119fa5', 'oPx3JqY6Mz3sNngHU1N1lsYWC85bJ7q+7jCUI+aJyL4=', '/openld-data/fixture-symbols/edshgxmk.u4o', '677cd50e-9e4e-4894-a7fb-fb744b9c2e51');


--
-- Data for Name: Fixtures; Type: TABLE DATA; Schema: public; Owner: openld
--

INSERT INTO public."Fixtures" ("Id", "Name", "Manufacturer", "ReleaseDate", "TypeId", "Power", "Weight", "ImageId", "SymbolId") VALUES ('79e99993-b37b-4877-9d61-d9f80ee322cf', 'SL 15/32', 'Strand', '2019-12-12 20:03:01.632', '05b5b806-884f-41ad-9ff8-932f66d4d824', 600, 7, '166cfe0c-20e6-4196-8b9a-caa1225599ef', '27f6d3c1-708a-4c3f-9699-bdb2a282416d');
INSERT INTO public."Fixtures" ("Id", "Name", "Manufacturer", "ReleaseDate", "TypeId", "Power", "Weight", "ImageId", "SymbolId") VALUES ('cd629400-12f6-4437-95ee-0711c4abe4d1', 'Acclaim Axial 24-44°', 'Selecon', '2019-12-12 20:24:35.561', '05b5b806-884f-41ad-9ff8-932f66d4d824', 600, 5.6, '7d403d94-26be-400d-94b3-dfba56c0a3ee', '1b33c23a-2b11-470e-8561-4b80985b1e38');
INSERT INTO public."Fixtures" ("Id", "Name", "Manufacturer", "ReleaseDate", "TypeId", "Power", "Weight", "ImageId", "SymbolId") VALUES ('b9365b6e-1f71-48d0-b168-3c857154b391', '310HF (J1K)', 'Robert Juliat', '2019-12-12 20:26:30.289', '2ed39877-bdf4-45df-a9fe-48d12a3054c3', 1000, 9.2, '154e3be3-a9f9-4af1-b53f-d05062aeed41', '6d2f5ffd-1d28-40ef-a694-9f6402162eec');
INSERT INTO public."Fixtures" ("Id", "Name", "Manufacturer", "ReleaseDate", "TypeId", "Power", "Weight", "ImageId", "SymbolId") VALUES ('bc8ca6ca-6ff3-4058-a71e-5bb7a5a75547', 'MMX Spot', 'Robe', '2019-12-12 20:45:25.192', 'bf10c60c-3452-4b4d-b14d-74d345b5daa1', 1020, 25.5, 'f7680755-3885-42ea-9ed1-0665a7068382', '3e1af05a-d6ca-4a46-856e-718df41799ab');
INSERT INTO public."Fixtures" ("Id", "Name", "Manufacturer", "ReleaseDate", "TypeId", "Power", "Weight", "ImageId", "SymbolId") VALUES ('8370ccb2-e7a3-4be9-9df0-a0ff212612e2', '329HPC (J2K)', 'Robert Juliat', '2019-12-12 20:27:51.507', '2ed39877-bdf4-45df-a9fe-48d12a3054c3', 2000, 16, 'b26215d5-c6cf-455e-8207-f6f80765a546', '2a7c4b5b-e667-476f-b08c-be78e57adcb4');
INSERT INTO public."Fixtures" ("Id", "Name", "Manufacturer", "ReleaseDate", "TypeId", "Power", "Weight", "ImageId", "SymbolId") VALUES ('dd004aa1-dc24-47fe-9f55-c06f07884803', 'SL 23/50', 'Strand', '2019-12-12 20:06:07.288', '05b5b806-884f-41ad-9ff8-932f66d4d824', 600, 7, '166cfe0c-20e6-4196-8b9a-caa1225599ef', 'da8e6904-4e68-4c43-9b29-f4a8ddefa4e7');
INSERT INTO public."Fixtures" ("Id", "Name", "Manufacturer", "ReleaseDate", "TypeId", "Power", "Weight", "ImageId", "SymbolId") VALUES ('9efe102a-1912-4189-8e7b-3b62a3070714', 'PAR 64', 'Generic', '2019-12-12 20:29:55.195', '5d1c85c0-9d0d-4559-a083-f08ef490beda', 1000, 1, 'bf18b825-56ac-4357-962d-c85143023fb3', '7c24af69-7630-4008-a36d-9c17d03b352a');
INSERT INTO public."Fixtures" ("Id", "Name", "Manufacturer", "ReleaseDate", "TypeId", "Power", "Weight", "ImageId", "SymbolId") VALUES ('e61583db-2a4e-40b4-8de9-4a988ad3487b', 'STUDIOCOB FC', 'ProLights', '2019-12-12 20:39:05.966', '671a4f06-53ff-4da4-b9ba-ea898a94d7ac', 150, 4.5, '85fafbab-1833-4111-abb9-89cd3bff8c66', 'dabd20e9-cf3a-4411-85a6-91d7a4f4dfc2');
INSERT INTO public."Fixtures" ("Id", "Name", "Manufacturer", "ReleaseDate", "TypeId", "Power", "Weight", "ImageId", "SymbolId") VALUES ('fa02dd06-a2a1-4be9-9cc1-4f980d9be9e5', 'RGB Power Batten', 'EQUINOX', '2019-12-13 12:11:04.87', '5ff482ab-3ed3-4cd2-b380-a6db936bbf00', 30, 1.8, 'd32e30e3-022c-4aaf-a5b0-d53ffe03d5db', 'cbd19707-55f5-447d-8bd5-c18990515538');
INSERT INTO public."Fixtures" ("Id", "Name", "Manufacturer", "ReleaseDate", "TypeId", "Power", "Weight", "ImageId", "SymbolId") VALUES ('92c28b92-5b52-4d75-8c19-ee0f941bbc2c', 'LUMIPAR (12HPRO)', 'ProLights', '2020-01-18 13:20:11.018', '671a4f06-53ff-4da4-b9ba-ea898a94d7ac', 96, 4.5, 'a62caaa6-04cc-49c6-9977-c3691d586226', '66b1d027-99ff-4502-b716-0398e4e71fc3');
INSERT INTO public."Fixtures" ("Id", "Name", "Manufacturer", "ReleaseDate", "TypeId", "Power", "Weight", "ImageId", "SymbolId") VALUES ('97409f26-221a-45b4-87d2-df121ad8af2f', 'Shakespeare Zoom 15-35°', 'Altman', '2019-12-12 20:22:54.624', '05b5b806-884f-41ad-9ff8-932f66d4d824', 600, 9.9, 'd2f658d4-8345-4ac2-8c89-22c57e22bd47', '14ede821-f10e-4bde-b2a4-785fe8edd2e8');
INSERT INTO public."Fixtures" ("Id", "Name", "Manufacturer", "ReleaseDate", "TypeId", "Power", "Weight", "ImageId", "SymbolId") VALUES ('94737e05-2449-489d-a0a3-3b6781d3f03d', 'REFLEX', 'ProLights', '2019-12-12 20:41:04.525', 'c3b593b7-e9ad-41ea-befd-7df4fe79e44b', 245, 9.2, '8ace0083-9062-4326-9b6d-86c2592bdee9', '5111ea12-04f1-4a7c-8e42-29e5c78844e1');
INSERT INTO public."Fixtures" ("Id", "Name", "Manufacturer", "ReleaseDate", "TypeId", "Power", "Weight", "ImageId", "SymbolId") VALUES ('e748832b-eab3-4915-be84-88f8d05ecb42', 'LEDWash 800', 'Robe', '2019-12-12 20:42:45.035', 'c3b593b7-e9ad-41ea-befd-7df4fe79e44b', 430, 10.9, '07103a66-b370-468b-8314-7254c237a1b4', '21b983fa-9acf-4d94-b18e-1fe977d90ee1');
INSERT INTO public."Fixtures" ("Id", "Name", "Manufacturer", "ReleaseDate", "TypeId", "Power", "Weight", "ImageId", "SymbolId") VALUES ('8e0eb758-59e5-4e91-a8d5-3a814506d827', 'DF-50 Diffusion Hazer', 'Reel EFX', '2020-01-17 16:18:53.464', '9193519b-21be-4ca9-b99d-7f4929d05e5f', 400, 16, '09957726-5be8-46ee-9ec0-e9cf6ded28eb', 'b6abef11-d07d-4449-bc50-1eb5c3f5231d');
INSERT INTO public."Fixtures" ("Id", "Name", "Manufacturer", "ReleaseDate", "TypeId", "Power", "Weight", "ImageId", "SymbolId") VALUES ('cb322e2a-a92c-4fee-9bfa-2d805397b75d', 'MVS Hazer', 'Le Maitre', '2020-01-17 17:03:48.236', '9193519b-21be-4ca9-b99d-7f4929d05e5f', 300, 12, 'ae0abe90-364c-48b8-9520-97e44bbb5c44', '0b9a3ff2-ae90-46af-a870-11c527f46199');
INSERT INTO public."Fixtures" ("Id", "Name", "Manufacturer", "ReleaseDate", "TypeId", "Power", "Weight", "ImageId", "SymbolId") VALUES ('fe9367ae-ab57-441f-8192-c6f65c7e9363', 'Ghibli', 'Ayrton', '2020-01-17 16:28:44.583', 'bf10c60c-3452-4b4d-b14d-74d345b5daa1', 800, 35.6, '2181bef5-1fc9-4973-a5f2-d0a8de97a6bf', '24cbbbc2-779f-4b44-9833-107170119fa5');


--
-- Data for Name: FixtureModes; Type: TABLE DATA; Schema: public; Owner: openld
--

INSERT INTO public."FixtureModes" ("Id", "Name", "FixtureId", "Channels") VALUES ('3089e24b-5ab2-4eed-a257-cb09d9bfe75a', 'Default', '8e0eb758-59e5-4e91-a8d5-3a814506d827', '{"Haze Percentage"}');
INSERT INTO public."FixtureModes" ("Id", "Name", "FixtureId", "Channels") VALUES ('35cd713e-e756-42e4-aa02-d3c037086dcd', 'Standard', 'fe9367ae-ab57-441f-8192-c6f65c7e9363', '{Pan,"Pan (fine)",Tilt,"Tilt (fine)","Pan/Tilt Speed",Shutter/Strobe,Dimmer,"Chase Patterns","Chase Speed","Chase Fade",Zoom,Focus,"Auto Focus","Auto Focus (fine)","Color Wheel",Cyan,Magenta,Yellow,CTO,"Gobo Wheel 1","Gobo Wheel 1 Index/Rotation","Gobo Wheel 2","Animation Wheel",Iris,Prism,"Prism Index/Rotation","Frost 1","Frost 2","Blade 1 Open/Close","Blade 1 Rotation","Blade 2 Open/Close","Blade 2 Rotation","Blade 3 Open/Close","Blade 3 Rotation","Blade 4 Open/Close","Blade 4 Rotation","All Blade Rotation",Configuration/Diagnostics}');
INSERT INTO public."FixtureModes" ("Id", "Name", "FixtureId", "Channels") VALUES ('c50d1e50-0ac2-4e72-a978-4a337a62d572', 'Basic', 'fe9367ae-ab57-441f-8192-c6f65c7e9363', '{Pan,Tilt,"Pan/Tilt Speed",Shutter/Strobe,Dimmer,"Chase Patterns","Chase Speed","Chase Fade",Zoom,Focus,"Auto Focus","Auto Focus (fine)","Color Wheel",Cyan,Magenta,Yellow,CTO,"Gobo Wheel 1","Gobo Wheel 1 Index/Rotation","Gobo Wheel 2","Animation Wheel",Iris,Prism,"Prism Index/Rotation","Frost 1","Frost 2","Blade 1 Open/Close","Blade 1 Rotation","Blade 2 Open/Close","Blade 2 Rotation","Blade 3 Open/Close","Blade 3 Rotation","Blade 4 Open/Close","Blade 4 Rotation","All Blade Rotation",Configuration/Diagnostics}');
INSERT INTO public."FixtureModes" ("Id", "Name", "FixtureId", "Channels") VALUES ('1f550997-b930-4acc-89a2-10295004393d', 'Extended', 'fe9367ae-ab57-441f-8192-c6f65c7e9363', '{Pan,"Pan (fine)",Tilt,"Tilt (fine)","Pan/Tilt Speed",Shutter/Strobe,Dimmer,"Dimmer (fine)","Chase Patterns","Chase Speed","Chase Fade",Zoom,"Zoom (fine)",Focus,"Focus (fine)","Auto Focus","Auto Focus (fine)","Color Wheel","Color Wheel (fine)",Cyan,"Cyan (fine)",Magenta,"Magenta (fine)",Yellow,"Yellow (fine)",CTO,"CTO (fine)","Gobo Wheel 1","Gobo Wheel 1 Index/Rotation","Gobo Wheel 1 Index (fine)","Gobo Wheel 2","Animation Wheel",Iris,"Iris (fine)",Prism,"Prism Index/Rotation","Prism Index (fine)","Frost 1","Frost 2","Blade 1 Open/Close","Blade 1 Open/Close (fine)","Blade 1 Rotation","Blade 1 Rotation (fine)","Blade 2 Open/Close","Blade 2 Open/Close (fine)","Blade 2 Rotation","Blade 2 Rotation (fine)","Blade 3 Open/Close","Blade 3 Open/Close (fine)","Blade 3 Rotation","Blade 3 Rotation (fine)","Blade 4 Open/Close","Blade 4 Open/Close (fine)","Blade 4 Rotation","Blade 4 Rotation (fine)","All Blade Rotation","All Blade Rotation (fine)",Configuration/Diagnostics}');
INSERT INTO public."FixtureModes" ("Id", "Name", "FixtureId", "Channels") VALUES ('fec52723-a527-4191-b21f-94c66dd20448', 'Default', 'cb322e2a-a92c-4fee-9bfa-2d805397b75d', '{"Haze Volume",Projection,Direction,Sweep}');
INSERT INTO public."FixtureModes" ("Id", "Name", "FixtureId", "Channels") VALUES ('f680158e-2472-42f6-8958-c7b99ecadac5', '6 Channel', '92c28b92-5b52-4d75-8c19-ee0f941bbc2c', '{Red,Green,Blue,Amber,White,UV}');
INSERT INTO public."FixtureModes" ("Id", "Name", "FixtureId", "Channels") VALUES ('b157450c-8beb-481a-a545-d9dd48c76ac1', '8 Channel', '92c28b92-5b52-4d75-8c19-ee0f941bbc2c', '{Dimmer,Red,Green,Blue,Amber,White,UV,Strobe}');
INSERT INTO public."FixtureModes" ("Id", "Name", "FixtureId", "Channels") VALUES ('5baae599-5800-485d-854d-a43396c8029e', '12 Channel', '92c28b92-5b52-4d75-8c19-ee0f941bbc2c', '{Dimmer,Red,Green,Blue,Amber,White,UV,Strobe,"Color Macros/Temperature","Auto Programs","Auto Speed","Dimmer Speed"}');
INSERT INTO public."FixtureModes" ("Id", "Name", "FixtureId", "Channels") VALUES ('b2fc66a7-c3bd-422f-b013-9049d85077a7', '3 Channel', '92c28b92-5b52-4d75-8c19-ee0f941bbc2c', '{Hue,Saturation,Intensity}');
INSERT INTO public."FixtureModes" ("Id", "Name", "FixtureId", "Channels") VALUES ('046bcfb1-3c36-4878-b456-c81cf4a4e37f', 'Default', '79e99993-b37b-4877-9d61-d9f80ee322cf', '{1}');
INSERT INTO public."FixtureModes" ("Id", "Name", "FixtureId", "Channels") VALUES ('5041f8d6-b886-4d88-86f0-0effdff831cb', 'Default', '8370ccb2-e7a3-4be9-9df0-a0ff212612e2', '{1}');
INSERT INTO public."FixtureModes" ("Id", "Name", "FixtureId", "Channels") VALUES ('134985af-75e0-4a85-b037-f0fbda14e033', 'Default', '94737e05-2449-489d-a0a3-3b6781d3f03d', '{1}');
INSERT INTO public."FixtureModes" ("Id", "Name", "FixtureId", "Channels") VALUES ('4b45bcc8-01e6-4cfd-bd6e-35edc7af6de0', 'Default', '97409f26-221a-45b4-87d2-df121ad8af2f', '{1}');
INSERT INTO public."FixtureModes" ("Id", "Name", "FixtureId", "Channels") VALUES ('45bcc483-4e29-4791-a775-aad77e088e23', 'Default', '9efe102a-1912-4189-8e7b-3b62a3070714', '{1}');
INSERT INTO public."FixtureModes" ("Id", "Name", "FixtureId", "Channels") VALUES ('d502b241-8ccc-42d4-8a14-8f584d35335f', 'Default', 'b9365b6e-1f71-48d0-b168-3c857154b391', '{1}');
INSERT INTO public."FixtureModes" ("Id", "Name", "FixtureId", "Channels") VALUES ('e1284037-5606-492f-bf70-30d822f3c9e8', 'Default', 'bc8ca6ca-6ff3-4058-a71e-5bb7a5a75547', '{1}');
INSERT INTO public."FixtureModes" ("Id", "Name", "FixtureId", "Channels") VALUES ('6e322c2c-0993-42cd-9151-763a3d6725e4', 'Default', 'cd629400-12f6-4437-95ee-0711c4abe4d1', '{1}');
INSERT INTO public."FixtureModes" ("Id", "Name", "FixtureId", "Channels") VALUES ('ed27bb20-ab42-41e0-94be-39325da875f6', 'Default', 'dd004aa1-dc24-47fe-9f55-c06f07884803', '{1}');
INSERT INTO public."FixtureModes" ("Id", "Name", "FixtureId", "Channels") VALUES ('7d6c6d37-0e52-43e6-83ed-7b2e8203ded4', 'Default', 'e61583db-2a4e-40b4-8de9-4a988ad3487b', '{1}');
INSERT INTO public."FixtureModes" ("Id", "Name", "FixtureId", "Channels") VALUES ('2d8bb76f-7a5d-42f3-b513-a6fb408b4c99', 'Default', 'e748832b-eab3-4915-be84-88f8d05ecb42', '{1}');
INSERT INTO public."FixtureModes" ("Id", "Name", "FixtureId", "Channels") VALUES ('9e2cb18e-556a-4a03-b96f-c49b65e90a2a', 'Default', 'fa02dd06-a2a1-4be9-9cc1-4f980d9be9e5', '{1}');

--
-- Data for Name: StructureTypes; Type: TABLE DATA; Schema: public; Owner: openld
--

INSERT INTO public."StructureTypes" ("Id", "Name") VALUES ('2d47b935-9e5c-468d-9f51-1f751827906b', 'Internally Wired Bar');
INSERT INTO public."StructureTypes" ("Id", "Name") VALUES ('7ffb32a3-5081-4207-9955-394d0fdba5d9', 'Winch Bar');
INSERT INTO public."StructureTypes" ("Id", "Name") VALUES ('03b268a0-c30e-4e8a-82bc-b51d383d4ce5', 'Fly Bar');
INSERT INTO public."StructureTypes" ("Id", "Name") VALUES ('5204943d-57be-42fe-86b5-486a06183381', 'Deck');
INSERT INTO public."StructureTypes" ("Id", "Name") VALUES ('16c282f2-2560-4c1d-805d-6a61c3f0ddb6', 'Truss');
INSERT INTO public."StructureTypes" ("Id", "Name") VALUES ('36a1c93a-8874-405e-8908-6ef2cae707b1', 'Ladder Truss');
INSERT INTO public."StructureTypes" ("Id", "Name") VALUES ('24976a58-9ccc-4492-aaf2-7f5e2c4471b0', 'Stand');
INSERT INTO public."StructureTypes" ("Id", "Name") VALUES ('fb2d4bf3-937e-42d1-9444-dcc045b952d1', 'Floor');
INSERT INTO public."StructureTypes" ("Id", "Name") VALUES ('36cde518-4455-4d17-93c7-7fdc019a8bc0', 'Other');
INSERT INTO public."StructureTypes" ("Id", "Name") VALUES ('20063996-b8b1-4b09-983f-619e19b439f2', 'Bar');